key,key:user-account,employee-code,spoken-languages,moment,brief-bio,salary,photo,key:airline
# employee-code
agent-01,user-account-agent-01,AA000000,inglés,2010/01/02 00:00,biografía,EUR 1200.00,http://photo.jpg,airline-01
agent-02,user-account-agent-02,ZZZ999999,inglés,2010/01/02 00:00,biografía,EUR 1200.00,http://photo.jpg,airline-01
# spoken-languages
agent-03,user-account-agent-01,AA000001,a,2010/01/02 00:00,biografía,EUR 1200.00,http://photo.jpg,airline-01
agent-04,user-account-agent-01,AA000002,aa,2010/01/02 00:00,biografía,EUR 1200.00,http://photo.jpg,airline-01
agent-05,user-account-agent-01,AA000003,cadena muy larga cadena muy larga cadena muy larga cadena muy larga cadena muy larga cadena muy larga cadena muy larga cadena muy larga cadena muy larga cadena muy largacadena muy largacadena muy larga cadena muy larga cadena muy larga cadena muy largaaa,2010/01/02 00:00,biografía,EUR 1200.00,http://photo.jpg,airline-01
agent-06,user-account-agent-01,AA000004,cadena muy larga cadena muy larga cadena muy larga cadena muy larga cadena muy larga cadena muy larga cadena muy larga cadena muy larga cadena muy larga cadena muy largacadena muy largacadena muy larga cadena muy larga cadena muy larga cadena muy largaaaa,2010/01/02 00:00,biografía,EUR 1200.00,http://photo.jpg,airline-01
agent-07,user-account-agent-01,AA000005,โลเร็ม อิปซัม,2010/01/02 00:00,biografía,EUR 1200.00,http://photo.jpg,airline-01
agent-08,user-account-agent-01,AA000006,لوريم إيبسوم,2010/01/02 00:00,biografía,EUR 1200.00,http://photo.jpg,airline-01
agent-09,user-account-agent-01,AA000007,	洛伦·伊普森,2010/01/02 00:00,biografía,EUR 1200.00,http://photo.jpg,airline-01
# moment
agent-10,user-account-agent-01,AA000008,inglés,2000/01/01 00:00,biografía,EUR 1200.00,http://photo.jpg,airline-01
agent-11,user-account-agent-01,AA000009,inglés,2000/01/01 00:01,biografía,EUR 1200.00,http://photo.jpg,airline-01
agent-12,user-account-agent-01,AA000010,inglés,2022/07/29 23:59,biografía,EUR 1200.00,http://photo.jpg,airline-01
agent-13,user-account-agent-01,AA000027,inglés,2022/07/30 00:00,biografía,EUR 1200.00,http://photo.jpg,airline-01
# brief-bio
agent-14,user-account-agent-01,AA000011,inglés,2010/01/02 00:00,,EUR 1200.00,http://photo.jpg,airline-01
agent-15,user-account-agent-01,AA000012,inglés,2010/01/02 00:00,a,EUR 1200.00,http://photo.jpg,airline-01
agent-16,user-account-agent-01,AA000013,inglés,2010/01/02 00:00,cadena muy larga cadena muy larga cadena muy larga cadena muy larga cadena muy larga cadena muy larga cadena muy larga cadena muy larga cadena muy larga cadena muy largacadena muy largacadena muy larga cadena muy larga cadena muy larga cadena muy largaaa,EUR 1200.00,http://photo.jpg,airline-01
agent-17,user-account-agent-01,AA000014,inglés,2010/01/02 00:00,cadena muy larga cadena muy larga cadena muy larga cadena muy larga cadena muy larga cadena muy larga cadena muy larga cadena muy larga cadena muy larga cadena muy largacadena muy largacadena muy larga cadena muy larga cadena muy larga cadena muy largaaaa,EUR 1200.00,http://photo.jpg,airline-01
agent-18,user-account-agent-01,AA000015,inglés,2010/01/02 00:00,โลเร็ม อิปซัม,EUR 1200.00,http://photo.jpg,airline-01
agent-19,user-account-agent-01,AA000016,inglés,2010/01/02 00:00,لوريم إيبسوم,EUR 1200.00,http://photo.jpg,airline-01
agent-20,user-account-agent-01,AA000017,inglés,2010/01/02 00:00,	洛伦·伊普森,EUR 1200.00,http://photo.jpg,airline-01
# salary
agent-21,user-account-agent-01,AA000018,inglés,2010/01/02 00:00,biografía,EUR 0.00,http://photo.jpg,airline-01
agent-22,user-account-agent-01,AA000019,inglés,2010/01/02 00:00,biografía,EUR 0.01,http://photo.jpg,airline-01
agent-23,user-account-agent-01,AA000020,inglés,2010/01/02 00:00,biografía,EUR 1200.00,http://photo.jpg,airline-01
# photo
agent-24,user-account-agent-01,AA000021,inglés,2010/01/02 00:00,biografía,EUR 1200.00,http://lorem.com/ipsum,airline-01
agent-25,user-account-agent-01,AA000022,inglés,2010/01/02 00:00,biografía,EUR 1200.00,ftp://a.b,airline-01
agent-26,user-account-agent-01,AA000023,inglés,2010/01/02 00:00,biografía,EUR 1200.00,https://www.lorem-ipsum.org,airline-01
agent-27,user-account-agent-01,AA000024,inglés,2010/01/02 00:00,biografía,EUR 1200.00,http://www.lorem-ipsum.org/dolor/sit.html,airline-01
agent-28,user-account-agent-01,AA000025,inglés,2010/01/02 00:00,biografía,EUR 1200.00,http://example.org/a/b?,airline-01
agent-29,user-account-agent-01,AA000026,inglés,2010/01/02 00:00,biografía,EUR 1200.00,http://example.org?a=1&b=2,airline-01