key,fullName,email,passport,birthDate,specialNeeds,key:customer,draftMode
# base
passenger-01,"Lorem ipsum dolor sit amet, consectetur adipiscing elit. Sed do: eiusmod tempor incididunt ut labore et dolore magna aliqua! Ut*","acme@lorem-ipsum.org",D8N4SWRTZ,2012/07/05 0:00,"Lorem ipsum dolor sit ame",customer-01,true
# fullName
passenger-02,"L","acme@lorem-ipsum.org",D8N4SWRTA,2012/07/05 0:00,"Lorem ipsum dolor sit ame",customer-02,true
passenger-03,"Lo","acme@lorem-ipspatrium.org",D8N4SWRTB,2012/07/05 0:00,"Lorem ipsum dolor sit ame",customer-01,true
passenger-04,"Lorem ipsum dolor sit amet, consectetur adipiscing elit. Sed do: eiusmod tempor incididunt ut labore et dolore magna aliqua! Ut enim ad minim veniam? Quis nostrud exercitation ullamco laboris nisi ut aliquip ex ea commodo consequat. Duis aute irure dolor","acme@lorem-ipsum.org",D8N4SWRTC,2012/07/05 0:00,"Lorem ipsum dolor sit ame",customer-02,true
passenger-05,"Lorem ipsum dolor sit amet, consectetur adipiscing elit. Sed do: eiusmod tempor incididunt ut labore et dolore magna aliqua! Ut enim ad minim veniam? Quis nostrud exercitation ullamco laboris nisi ut aliquip ex ea commodo consequat. Duis aute irure dolor*","acme@lorem-ipsum.org",D8N4SWRTD,2012/07/05 0:00,"Lorem ipsum dolor sit ame",customer-01,true
passenger-06,"โลเร็ม อิปซัม","acme@lorem-ipsum.org",D8N4SWRTE,2012/07/05 0:00,"Lorem ipsum dolor sit ame",customer-02,true
passenger-07,"لوريم إيبسوم","acme@lorem-ipsum.org",D8N4SWRTF,2012/07/05 0:00,"Lorem ipsum dolor sit ame",customer-01,true
passenger-08,"洛伦·伊普森","acme@lorem-ipsum.org",D8N4SWRTG,2012/07/05 0:00,"Lorem ipsum dolor sit ame",customer-02,true
passenger-09,"<marquee>Hacked</marquee>","acme@lorem-ipsum.org",D8N4SWRTH,2012/07/05 0:00,"Lorem ipsum dolor sit ame",customer-01,true
passenger-10,"<script>alert(‘Hacked!’);</script>","acme@lorem-ipsum.org",D8N4SWRTI,2012/07/05 0:00,"Lorem ipsum dolor sit ame",customer-02,true
passenger-11,"' or 'A' = 'A ","acme@lorem-ipsum.org",D8N4SWRTJ,2012/07/05 0:00,"Lorem ipsum dolor sit ame",customer-01,true
# email
passenger-12,"Lorem ipsum dolor sit amet, consectetur adipiscing elit. Sed do: eiusmod tempor incididunt ut labore et dolore magna aliqua! Ut*","acme@lorem-ipsum.org",D8N4SWRZT,2012/07/05 0:00,"Lorem ipsum dolor sit ame",customer-02,true
passenger-13,"Lorem ipsum dolor sit amet, consectetur adipiscing elit. Sed do: eiusmod tempor incididunt ut labore et dolore magna aliqua! Ut*","a@b.e",D8N4SSRTZ,2012/07/05 0:00,"Lorem ipsum dolor sit ame",customer-01,true
passenger-14,"Lorem ipsum dolor sit amet, consectetur adipiscing elit. Sed do: eiusmod tempor incididunt ut labore et dolore magna aliqua! Ut*","a@b.es",D8NASWRTZ,2012/07/05 0:00,"Lorem ipsum dolor sit ame",customer-02,true
passenger-15,"Lorem ipsum dolor sit amet, consectetur adipiscing elit. Sed do: eiusmod tempor incididunt ut labore et dolore magna aliqua! Ut*","a@b.esx",D8N41WRTZ,2012/07/05 0:00,"Lorem ipsum dolor sit ame",customer-01,true
passenger-16,"Lorem ipsum dolor sit amet, consectetur adipiscing elit. Sed do: eiusmod tempor incididunt ut labore et dolore magna aliqua! Ut*","lorem-ipsum@dolor.sit.amet.consectetur.adipiscing.elit.sed.do.eiusmod.tempor.incididunt.ut.labore.et.dolore.magna.aliqua.Ut.enim.ad.minim.veniam.quis.nostrud.exercitation.ullamco.laboris.nisi.ut.aliquip.ex.ea.commodo.consequat.duis.aute.irure.doloris.edu",A8N4SWRTZ,2012/07/05 0:00,"Lorem ipsum dolor sit ame",customer-02,true
passenger-17,"Lorem ipsum dolor sit amet, consectetur adipiscing elit. Sed do: eiusmod tempor incididunt ut labore et dolore magna aliqua! Ut*","lorem-ipsum@dolor.sit.amet.consectetur.adipiscing.elit.sed.do.eiusmod.tempor.incididunt.ut.labore.et.dolore.magna.aliqua.Ut.enim.ad.minim.veniam.quis.nostrud.exercitation.ullamco.laboris.nisi.ut.aliquip.ex.ea.commodo.consequat.duis.aute.irure.dolor.es.org",D1N4SWRTZ,2012/07/05 0:00,"Lorem ipsum dolor sit ame",customer-01,true
# passport
passenger-18,"Lorem ipsum dolor sit amet, consectetur adipiscing elit. Sed do: eiusmod tempor incididunt ut labore et dolore magna aliqua! Ut*","acme@lorem-ipsum.org",ABC123,2012/07/05 0:00,"Lorem ipsum dolor sit ame",customer-02,true
passenger-19,"Lorem ipsum dolor sit amet, consectetur adipiscing elit. Sed do: eiusmod tempor incididunt ut labore et dolore magna aliqua! Ut*","acme@lorem-ipsum.org",X9F4T6,2012/07/05 0:00,"Lorem ipsum dolor sit ame",customer-01,true
passenger-20,"Lorem ipsum dolor sit amet, consectetur adipiscing elit. Sed do: eiusmod tempor incididunt ut labore et dolore magna aliqua! Ut*","acme@lorem-ipsum.org",Z7Y8X9W,2012/07/05 0:00,"Lorem ipsum dolor sit ame",customer-02,true
passenger-21,"Lorem ipsum dolor sit amet, consectetur adipiscing elit. Sed do: eiusmod tempor incididunt ut labore et dolore magna aliqua! Ut*","acme@lorem-ipsum.org",QWERTY12,2012/07/05 0:00,"Lorem ipsum dolor sit ame",customer-01,true
passenger-22,"Lorem ipsum dolor sit amet, consectetur adipiscing elit. Sed do: eiusmod tempor incididunt ut labore et dolore magna aliqua! Ut*","acme@lorem-ipsum.org",A1B2C3D4,2012/07/05 0:00,"Lorem ipsum dolor sit ame",customer-02,true
passenger-23,"Lorem ipsum dolor sit amet, consectetur adipiscing elit. Sed do: eiusmod tempor incididunt ut labore et dolore magna aliqua! Ut*","acme@lorem-ipsum.org",987XYZ,2012/07/05 0:00,"Lorem ipsum dolor sit ame",customer-01,true
passenger-24,"Lorem ipsum dolor sit amet, consectetur adipiscing elit. Sed do: eiusmod tempor incididunt ut labore et dolore magna aliqua! Ut*","acme@lorem-ipsum.org",LMNOPQR9,2012/07/05 0:00,"Lorem ipsum dolor sit ame",customer-02,true
passenger-25,"Lorem ipsum dolor sit amet, consectetur adipiscing elit. Sed do: eiusmod tempor incididunt ut labore et dolore magna aliqua! Ut*","acme@lorem-ipsum.org",123456A,2012/07/05 0:00,"Lorem ipsum dolor sit ame",customer-01,true
passenger-26,"Lorem ipsum dolor sit amet, consectetur adipiscing elit. Sed do: eiusmod tempor incididunt ut labore et dolore magna aliqua! Ut*","acme@lorem-ipsum.org",ZXCVBNM1,2012/07/05 0:00,"Lorem ipsum dolor sit ame",customer-02,true
passenger-27,"Lorem ipsum dolor sit amet, consectetur adipiscing elit. Sed do: eiusmod tempor incididunt ut labore et dolore magna aliqua! Ut*","acme@lorem-ipsum.org",0ABCDE9F,2012/07/05 0:00,"Lorem ipsum dolor sit ame",customer-01,true
# birthDate
passenger-28,"Lorem ipsum dolor sit amet, consectetur adipiscing elit. Sed do: eiusmod tempor incididunt ut labore et dolore magna aliqua! Ut*","acme@lorem-ipsum.org",D8N4SWRTK,2000/01/01 0:00,"Lorem ipsum dolor sit ame",customer-02,true
passenger-29,"Lorem ipsum dolor sit amet, consectetur adipiscing elit. Sed do: eiusmod tempor incididunt ut labore et dolore magna aliqua! Ut*","acme@lorem-ipsum.org",D8N4SWRTL,2000/01/01 0:01,"Lorem ipsum dolor sit ame",customer-01,true
passenger-30,"Lorem ipsum dolor sit amet, consectetur adipiscing elit. Sed do: eiusmod tempor incididunt ut labore et dolore magna aliqua! Ut*","acme@lorem-ipsum.org",D8N4SWRTM,2024/12/01 23:59,"Lorem ipsum dolor sit ame",customer-02,true
passenger-31,"Lorem ipsum dolor sit amet, consectetur adipiscing elit. Sed do: eiusmod tempor incididunt ut labore et dolore magna aliqua! Ut*","acme@lorem-ipsum.org",D8N4SWRTN,2025/01/01 0:00,"Lorem ipsum dolor sit ame",customer-01,true
# specialNeeds
passenger-32,"Lorem ipsum dolor sit amet, consectetur adipiscing elit. Sed do: eiusmod tempor incididunt ut labore et dolore magna aliqua! Ut*","acme@lorem-ipsum.org",D8N4SWRTO,2012/07/05 0:00,"L",customer-02,true
passenger-33,"Lorem ipsum dolor sit amet, consectetur adipiscing elit. Sed do: eiusmod tempor incididunt ut labore et dolore magna aliqua! Ut*","acme@lorem-ipsum.org",D8N4SWRTP,2012/07/05 0:00,"Lo",customer-01,true
passenger-34,"Lorem ipsum dolor sit amet, consectetur adipiscing elit. Sed do: eiusmod tempor incididunt ut labore et dolore magna aliqua! Ut*","acme@lorem-ipsum.org",D8N4SWRTQ,2012/07/05 0:00,"Lorem ipsum dolor sit amet, consectetur adipiscin",customer-02,true
passenger-35,"Lorem ipsum dolor sit amet, consectetur adipiscing elit. Sed do: eiusmod tempor incididunt ut labore et dolore magna aliqua! Ut*","acme@lorem-ipsum.org",D8N4SWRTR,2012/07/05 0:00,"Lorem ipsum dolor sit amet, consectetur adipiscing",customer-01,true
passenger-36,"Lorem ipsum dolor sit amet, consectetur adipiscing elit. Sed do: eiusmod tempor incididunt ut labore et dolore magna aliqua! Ut*","acme@lorem-ipsum.org",D8N4SWRTS,2012/07/05 0:00,"โลเร็ม อิปซัม",customer-02,true
passenger-37,"Lorem ipsum dolor sit amet, consectetur adipiscing elit. Sed do: eiusmod tempor incididunt ut labore et dolore magna aliqua! Ut*","acme@lorem-ipsum.org",D8N4SWRTT,2012/07/05 0:00,"لوريم إيبسوم",customer-01,true
passenger-38,"Lorem ipsum dolor sit amet, consectetur adipiscing elit. Sed do: eiusmod tempor incididunt ut labore et dolore magna aliqua! Ut*","acme@lorem-ipsum.org",D8N4SWRTU,2012/07/05 0:00,"洛伦·伊普森",customer-02,true
passenger-39,"Lorem ipsum dolor sit amet, consectetur adipiscing elit. Sed do: eiusmod tempor incididunt ut labore et dolore magna aliqua! Ut*","acme@lorem-ipsum.org",D8N4SWRTV,2012/07/05 0:00,"<marquee>Hacked</marquee>",customer-01,true
passenger-40,"Lorem ipsum dolor sit amet, consectetur adipiscing elit. Sed do: eiusmod tempor incididunt ut labore et dolore magna aliqua! Ut*","acme@lorem-ipsum.org",D8N4SWRTW,2012/07/05 0:00,"<script>alert(‘Hacked!’);</script>",customer-02,true
passenger-41,"Lorem ipsum dolor sit amet, consectetur adipiscing elit. Sed do: eiusmod tempor incididunt ut labore et dolore magna aliqua! Ut*","acme@lorem-ipsum.org",D8N4SWTTT,2012/07/05 0:00,"' or 'A' = 'A ",customer-01,true
# draftMode
passenger-42,"Lorem ipsum dolor sit amet, consectetur adipiscing elit. Sed do: eiusmod tempor incididunt ut labore et dolore magna aliqua! Ut*","acme@lorem-ipsum.org",ZZZZZZZZZ,2012/07/05 0:00,"Lorem ipsum dolor sit ame",customer-01,false